label,weight
Atelectasis,0.40375465005623323
Cardiomegaly,1.6811959654178674
Consolidation,1.0
Edema,2.026487190620929
Effusion,0.3504543065254937
Emphysema,1.8549284578696343
Fibrosis,2.7680901542111505
Hernia,20.559471365638768
Infiltration,0.2345933447270534
Mass,0.8071601521964719
No Finding,0.07731813588244064
Nodule,0.7371663244353183
Pleural_Thickening,1.3787296898079764
Pneumonia,3.2613556953179597
Pneumothorax,0.8802338740098076
